[{"id":"1","titulo":"Casa de Lujo en la montaña","transaccion":"alquiler","descripcion":"Casa en la montaña con excelente vista, acabados de lujo a un precio irresistible","precio":"$4,500,0000","num_wc":"3","num_estacionamiento":"1","num_dormitorio":"7","active":true},{"id":"2","titulo":"Mansion de Lujo","transaccion":"Venta","descripcion":"Mansion de lujo con helipuerto a un precio irresistible. Ideal para transportarse facilmente","precio":"$5,310,0000","num_wc":"4","num_estacionamiento":4,"num_dormitorio":5,"active":"true"},{"titulo":"aaa","transaccion":"venta","descripcion":"Descripcion modificada","precio":"1","num_wc":"1","num_estacionamiento":"10","num_dormitorio":"13","id":"3","active":true},{"id":"4","titulo":"asd","transaccion":"alquiler","descripcion":"asd","precio":"12","num_wc":"1","num_estacionamiento":"1","num_dormitorio":"1","active":"false"},{"id":"5","titulo":"rr","transaccion":"venta","descripcion":"rr","precio":"1","num_wc":"1","num_estacionamiento":"1","num_dormitorio":"2","active":"false"},{"id":"6","titulo":"nuevo inmueble","transaccion":"venta","descripcion":"Nueva propiedad","precio":"111","num_wc":"2","num_estacionamiento":"2","num_dormitorio":"2","active":"false"},{"id":"7","titulo":"asd","transaccion":"venta","descripcion":"adsd","precio":"asd","num_wc":"1","num_estacionamiento":"1","num_dormitorio":"1","active":"false"},{"id":"8","titulo":"123","transaccion":"alquiler","descripcion":"13","precio":"1","num_wc":"1","num_estacionamiento":"1","num_dormitorio":"1","active":"false"},{"id":"9","titulo":"Nuevo Anuncio","transaccion":"venta","descripcion":"La descripcion del nuevo anuncio","precio":"10","num_wc":"2","num_estacionamiento":"3","num_dormitorio":"4","active":"false"},{"titulo":"Nuevo Anuncio","transaccion":"venta","descripcion":"Descripcion modificada","precio":"10","num_wc":"2","num_estacionamiento":"3","num_dormitorio":"4","id":"10","active":true},{"id":"11","titulo":"Nuevo Anuncio","transaccion":"venta","descripcion":"La descripcion del nuevo anuncio","precio":"10","num_wc":"2","num_estacionamiento":"3","num_dormitorio":"4","active":"false"}]